class_label,caution_and_advice,displaced_people_and_evacuations,infrastructure_and_utility_damage,injured_or_dead_people,not_humanitarian,other_relevant_information,requests_or_urgent_needs,rescue_volunteering_or_donation_effort,sympathy_and_support
caution_and_advice,734,27,82,4,23,59,14,9,6
displaced_people_and_evacuations,96,456,1,0,3,2,0,3,0
infrastructure_and_utility_damage,71,2,388,2,61,5,3,1,38
injured_or_dead_people,2,0,6,26,5,0,0,0,3
not_humanitarian,53,8,56,10,419,13,10,3,40
other_relevant_information,402,56,127,5,215,104,27,33,42
requests_or_urgent_needs,38,9,2,0,8,10,40,13,5
rescue_volunteering_or_donation_effort,31,37,12,1,21,39,25,513,12
sympathy_and_support,58,6,6,0,14,1,16,44,613
