label,precision,recall,f1,support,error_rate
caution_and_advice,0.6991786447638604,0.742639040348964,0.720253833950291,917,0.257360959651036
displaced_people_and_evacuations,0.7870967741935484,0.820627802690583,0.8035126234906697,446,0.179372197309417
infrastructure_and_utility_damage,0.38235294117647056,0.8705357142857143,0.5313351498637602,224,0.1294642857142857
injured_or_dead_people,0.9024390243902439,0.8894230769230769,0.8958837772397094,208,0.11057692307692313
not_humanitarian,0.8250336473755047,0.8261455525606469,0.8255892255892257,742,0.17385444743935308
other_relevant_information,0.40932642487046633,0.17792792792792791,0.24803767660910517,444,0.8220720720720721
requests_or_urgent_needs,0.21794871794871795,0.4594594594594595,0.29565217391304344,37,0.5405405405405406
rescue_volunteering_or_donation_effort,0.9315068493150684,0.7891682785299806,0.8544502617801046,1034,0.21083172147001938
sympathy_and_support,0.8224852071005917,0.8424242424242424,0.8323353293413175,330,0.1575757575757576
